gender,count,sum,mean
F,709863,3735,0.005261578642639495
M,586812,3771,0.006426248951964172
