{
  "classification_threshold": 0.9500000000000002,
  "f1": 0.9253931080628973,
  "anomaly_thresholds": {
    "isolation_forest": {
      "threshold": -0.08420181327206236,
      "precision": 0.15325402379286215,
      "recall": 0.2918054630246502,
      "f1": 0.20096352374397797
    },
    "lof": {
      "threshold": 0.18169656141352916,
      "precision": 0.2539546814878153,
      "recall": 0.39573617588274485,
      "f1": 0.30937499999999996
    },
    "svm": {
      "threshold": 5.167178355236693,
      "precision": 0.10107352643305652,
      "recall": 0.3324450366422385,
      "f1": 0.15501708605156883
    },
    "mahalanobis": {
      "threshold": 14.527174151690359,
      "precision": 0.12106368089573127,
      "recall": 0.23051299133910727,
      "f1": 0.15875200734113326
    }
  },
  "metrics": {
    "roc_auc": 0.9995560540615462,
    "confusion_matrix": [
      [
        257729,
        105
      ],
      [
        118,
        1383
      ]
    ],
    "classification_report": {
      "0": {
        "precision": 0.9995423642702843,
        "recall": 0.9995927612339722,
        "f1-score": 0.9995675621168901,
        "support": 257834.0
      },
      "1": {
        "precision": 0.9294354838709677,
        "recall": 0.9213857428381079,
        "f1-score": 0.9253931080628973,
        "support": 1501.0
      },
      "accuracy": 0.9991401083540594,
      "macro avg": {
        "precision": 0.964488924070626,
        "recall": 0.9604892520360401,
        "f1-score": 0.9624803350898937,
        "support": 259335.0
      },
      "weighted avg": {
        "precision": 0.999136594021458,
        "recall": 0.9991401083540594,
        "f1-score": 0.9991382492376605,
        "support": 259335.0
      }
    }
  }
}